codigo;jan;fev;mar;abr;mai;jun;jul;ago;set;out;nov;dez
US01;336;333;365;512;476;535;494;458;414;377;398;403
US02;341;342;455;-;464;497;519;496;490;444;426;356
US03;1111;1213;1389;1430;1312;1395;1525;1569;1379;1281;1170;1027
US04;759;756;925;882;956;1004;1195;882;824;835;852;637
US05;642;661;810;821;899;845;816;771;686;777;694;557
US06;2491;2997;3027;3231;3939;3515;3511;3411;3307;3467;2833;2161
US07;465;481;563;568;608;602;655;578;631;542;563;474
US08;1700;2373;2390;2637;2396;2751;2679;2386;2434;2397;2103;1898
US10;1662;-;2260;2131;2334;2352;2404;2326;-;1983;2029;1714
US11;1920;1877;2072;2041;2224;2528;2245;2534;1993;1981;1911;1914
US12;689;753;887;852;853;964;1086;854;-;883;767;682
